지역,분류,이름,베트남어이름,주소,안내,가격,확인한날,공개,사진,추천,위키,구분,전화,잘로,카톡,예약링크,환전소,USD환율,원화환율,환율시각
1군 중심가,쇼핑,벤탄 시장,Chợ Bến Thành,"Chợ Bến Thành, TP. Hồ Chí Minh",호치민의 대표 시장이에요. 흥정이 필요하고 가방은 앞으로 메세요.,확인 필요,샘플,O,,O,Chợ Bến Thành,베트남,,,,,,,,
1군 중심가,볼거리,사이공 중앙우체국,Bưu điện Trung tâm Sài Gòn,"Bưu điện Trung tâm Sài Gòn, TP. Hồ Chí Minh",프랑스 시대 건물이에요. 엽서를 보내 볼 수 있어요.,무료,샘플,O,,O,Bưu điện Trung tâm Sài Gòn,베트남,,,,,,,,
1군 중심가,볼거리,사이공 노트르담 대성당,Nhà thờ Đức Bà Sài Gòn,"Nhà thờ Đức Bà, TP. Hồ Chí Minh",중앙우체국 바로 앞이라 함께 둘러보기 좋아요. 보수 공사 여부를 확인하세요.,무료,샘플,O,,,Nhà thờ chính tòa Đức Bà Sài Gòn,베트남,,,,,,,,
1군 중심가,볼거리,통일궁,Dinh Độc Lập,"Dinh Độc Lập, TP. Hồ Chí Minh",옛 대통령 궁이에요. 점심시간에 문을 닫을 수 있어요.,확인 필요,샘플,O,,O,Dinh Độc Lập,베트남,,,,,,,,
1군 중심가,놀거리,부이비엔 거리,Phố đi bộ Bùi Viện,"Phố đi bộ Bùi Viện, TP. Hồ Chí Minh",밤에 활기찬 여행자 거리예요. 소지품 조심하세요.,무료,샘플,O,,,Phố Tây Bùi Viện,베트남,,,,,,,,
1군 중심가,먹을거리,반미 후인호아,Bánh Mì Huỳnh Hoa,"26 Lê Thị Riêng, TP. Hồ Chí Minh",속이 꽉 찬 반미로 유명해요. 크기가 커서 둘이 나눠 먹어도 돼요.,확인 필요,샘플,O,,,,베트남,,,,,,,,
3군,먹을거리,퍼 호아 파스퇴르,Phở Hòa Pasteur,"260C Pasteur, TP. Hồ Chí Minh",오래된 쌀국수 가게예요. 허브를 듬뿍 넣어 드세요.,확인 필요,샘플,O,images/sample-pho.svg,O,,베트남,,,,,,,,
7군 푸미흥,놀거리,푸미흥 한인타운,Phú Mỹ Hưng,"Phú Mỹ Hưng, TP. Hồ Chí Minh",한국 식당과 마트가 많은 동네예요. 한식이 그리울 때 가 보세요.,확인 필요,샘플,O,,,Phú Mỹ Hưng,한국,,,,,,,,
빈탄,볼거리,랜드마크 81,Landmark 81,"Landmark 81, TP. Hồ Chí Minh",베트남에서 가장 높은 건물이에요. 전망대 운영 여부를 확인하세요.,확인 필요,샘플,O,,O,Landmark 81,베트남,,,,,,,,
근교,볼거리,구찌 터널,Địa đạo Củ Chi,"Địa đạo Củ Chi, TP. Hồ Chí Minh",시내에서 멀어서 투어로 가는 사람이 많아요. 반나절 이상 잡으세요.,확인 필요,샘플,O,,,Địa đạo Củ Chi,베트남,,,,,,,,
5군 쩌런,쇼핑,빈떠이 시장,Chợ Bình Tây,"Chợ Bình Tây, TP. Hồ Chí Minh",호치민 차이나타운(쩌런)의 큰 도매시장이에요. 벤탄 시장보다 현지 분위기가 강해요.,확인 필요,샘플,O,,,Chợ Bình Tây,중국,,,,,,,,
5군 쩌런,볼거리,티엔허우 사원,Chùa Bà Thiên Hậu,"Chùa Bà Thiên Hậu, Nguyễn Trãi, TP. Hồ Chí Minh",천장에 매달린 나선형 향이 인상적인 중국식 사원이에요.,무료,샘플,O,,O,Chùa Bà Thiên Hậu (Thành phố Hồ Chí Minh),중국,,,,,,,,
고밥(공항 근처),쇼핑,이마트 고밥,Emart Gò Vấp,"Emart Gò Vấp, TP. Hồ Chí Minh",한국 식품을 살 수 있는 대형마트예요. 공항 가기 전 기념품 쇼핑에 좋아요.,확인 필요,샘플,O,,,,한국,,,,,,,,
고밥(공항 근처),환전/유심,떤선녓 공항 유심·환전,Sân bay Tân Sơn Nhất (Ga quốc tế),"Ga quốc tế Sân bay Tân Sơn Nhất, TP. Hồ Chí Minh",국제선 도착층에 유심과 환전 카운터가 있어요. 공항 환전은 조금만 하세요.,확인 필요,샘플,O,,,Sân bay quốc tế Tân Sơn Nhất,베트남,,,,,O,,,
1군 중심가,환전/유심,VPBank ATM (1군 함응이),VPBank ATM,"169 Hàm Nghi, Bến Thành, Hồ Chí Minh",Sixman이 확인한 VPBank ATM이에요. 벤탄 시장에서 가까워요.,카드 조건 확인,2026-10,O,,,,베트남,1900 54 54 15,,,,,,,
4군,환전/유심,VPBank ATM (4군),VPBank ATM,"9 Đoàn Văn Bơ, Xóm Chiếu, Hồ Chí Minh",Sixman이 확인한 VPBank ATM이에요.,카드 조건 확인,2026-10,O,,,,베트남,1900 54 54 15,,,,,,,
5군 쩌런,환전/유심,VPBank ATM (5군 쩐흥다오),VPBank ATM,"474A Trần Hưng Đạo, Chợ Quán, Hồ Chí Minh",Sixman이 확인한 VPBank ATM이에요.,카드 조건 확인,2026-10,O,,,,베트남,1900 54 54 15,,,,,,,
7군 푸미흥,환전/유심,VPBank ATM (푸미흥),VPBank ATM,"VPBank ATM Phú Mỹ Hưng, TP. Hồ Chí Minh",지도에서 가장 가까운 VPBank ATM을 확인하세요. Sixman이 확인한 뒤 정확한 주소로 바꿀 예정이에요.,카드 조건 확인,샘플,O,,,,베트남,1900 54 54 15,,,,,,,
고밥(공항 근처),환전/유심,VPBank ATM (고밥·공항 근처),VPBank ATM,"VPBank ATM Gò Vấp, TP. Hồ Chí Minh",지도에서 가장 가까운 VPBank ATM을 확인하세요. Sixman이 확인한 뒤 정확한 주소로 바꿀 예정이에요.,카드 조건 확인,샘플,O,,,,베트남,1900 54 54 15,,,,,,,
1군 중심가,환전/유심,흥롱 환전소 (Hung Long),Hung Long Money Exchange,"86 Mạc Thị Bưởi, Quận 1, Hồ Chí Minh",동커이 거리 근처의 환전 전문점이에요. 여행자들이 많이 찾는 곳이에요.,환율은 매일 달라요,샘플,O,,O,,베트남,028 3829 7887,,,,O,,,
1군 중심가,환전/유심,빅투이 환전소 (Bích Thủy),DNTN TMDV Bích Thủy,"DNTN TMDV Bích Thủy, Hồ Chí Minh",Sixman 추천 환전소예요. 주소는 확인 중이라 지도로 위치를 확인하세요.,환율은 매일 달라요,확인 필요,O,,,,베트남,,,,,O,,,
1군 중심가,환전/유심,하탐 금은방 (Hà Tâm),Tiệm vàng Hà Tâm,"2 Nguyễn An Ninh, Bến Thành, Hồ Chí Minh",벤탄 시장 바로 옆 금은방이에요. 환율이 좋기로 유명해서 사람이 많아요.,환율은 매일 달라요,샘플,O,,O,,베트남,,,,,O,,,
1군 중심가,환전/유심,마이반 금은방 (Mai Vân),DNTN Vàng Mai Vân,"1 Nguyễn An Ninh, Bến Thành, Hồ Chí Minh",하탐 바로 근처라 두 곳 환율을 비교하고 바꾸기 좋아요.,환율은 매일 달라요,샘플,O,,,,베트남,,,,,O,,,
