분류,내용,공개
준비,그랩(Grab) 앱을 한국에서 미리 설치하고 카드를 등록해 두세요.,O
준비,유심이나 eSIM은 출국 전에 준비하면 공항에서 줄을 서지 않아도 돼요.,O
준비,베트남 입국 QR(입국신고서)은 도착 3일 전부터 미리 작성할 수 있어요. 비행기 탭에서 방법을 보세요.,O
주의,오토바이가 많아요. 길을 건널 때는 일정한 속도로 천천히 걸으세요.,O
주의,휴대폰 날치기가 있어요. 길가에서 폰을 손에 들고 있지 마세요.,O
주의,시장에서는 가격을 먼저 물어보고 사세요.,O
동네,2025년 행정구역 개편으로 공식 주소의 '군(Quận)'이 없어졌지만 현지에서는 아직 1군·7군처럼 불러요.,O
그랩,주소가 안 찾아지면 [이름 복사]로 베트남어 장소 이름을 붙여 넣어 보세요.,O
그랩,그랩·Green SM 이용 방법은 교통 탭의 [그랩·Green SM]에서 볼 수 있어요.,O
환전,VPBank ATM은 여행자 카드 수수료가 없거나 적은 경우가 많아요. 내 카드 조건을 먼저 확인하세요.,O
환전,ATM 비밀번호가 6자리를 요구하면 카드 비밀번호 4자리 뒤에 00을 붙이는 경우가 많아요.,O
